{"documentId":"1","redactions":[{"pageIndex":1,"height":1472.2144728885303,"width":1041,"redactionCoordinates":[{"x1":869.9674072265625,"y1":1253.9947463260303,"x2":918.432373046875,"y2":1233.9947463260303}]}]}