{
  "documentId": "CMS-12345678",
  "redactions": [
    {
      "pageIndex": 1,
      "height": 725.48,
      "width": 1026,
      "redactionCoordinates": [
        {
          "x1": 402,
          "y1": 414.48,
          "x2": 450,
          "y2": 500
        },
        {
          "x1": 393.827880859375,
          "y1": 164.73,
          "x2": 438.543701171875,
          "y2": 220
        },
        {
          "x1": 686.327392578125,
          "y1": 164.72,
          "x2": 500,
          "y2": 220
        }
      ]
    },
    {
      "pageIndex": 2,
      "height": 725.48,
      "width": 1026,
      "redactionCoordinates": [
        {
          "x1": 402,
          "y1": 414.48,
          "x2": 450,
          "y2": 500
        }
      ]
    }
  ]
}